<clin:Clinic xmlns:clin="http://www.example.org/schemas/clinic" xmlns:pat="http://www.example.org/schemas/clinic/patient" xmlns:tre="http://www.example.org/schemas/clinic/treatment" xmlns:prov="http://www.example.org/schemas/clinic/provider">
  <!--Zero or more repetitions:-->
  <pat:Patient>
    <pat:patient-id>10</pat:patient-id>
    <pat:name>string</pat:name>
    <pat:dob>2008-09-29</pat:dob>
    <pat:treatments>
      <!--Zero or more repetitions:-->
      <pat:treatment>
        <tre:provider-id>10</tre:provider-id>
        <tre:diagnosis>string</tre:diagnosis>
        <!--You have a CHOICE of the next 3 items at this level-->
        <tre:drug-treatment>
          <tre:name>string</tre:name>
          <tre:dosage>1.5E2</tre:dosage>
        </tre:drug-treatment>
        <tre:radiology>
          <!--1 or more repetitions:-->
          <tre:date>2014-09-19</tre:date>
        </tre:radiology>
        <tre:surgery>
          <tre:date>2006-08-20+08:00</tre:date>
        </tre:surgery>
      </pat:treatment>
    </pat:treatments>
  </pat:Patient>
  <!--Zero or more repetitions:-->
  <prov:Provider>
    <prov:provider-id>10</prov:provider-id>
    <prov:name>string</prov:name>
    <prov:specialization>Surgery</prov:specialization>
  </prov:Provider>
</clin:Clinic>