<clin:Clinic xmlns:clin="http://www.example.org/schemas/clinic" xmlns:pat="http://www.example.org/schemas/clinic/patient" xmlns:tre="http://www.example.org/schemas/clinic/treatment" xmlns:prov="http://www.example.org/schemas/clinic/provider">
  <!--Zero or more repetitions:-->
  <pat:Patient>
    <pat:patient-id>10</pat:patient-id>
    <pat:name>string</pat:name>
    <pat:dob>2008-09-29</pat:dob>
    <pat:treatments>
      <!--Zero or more repetitions:-->
      <pat:treatment>
        <tre:provider-id>10</tre:provider-id>
        <tre:diagnosis>string</tre:diagnosis>
        <tre:radio>
          <tre:date>2008-04-13</tre:date>
          <tre:date>2008-05-26</tre:date>
        </tre:radio>
      </pat:treatment>
      <pat:treatment>
        <tre:provider-id>11</tre:provider-id>
        <tre:diagnosis>string</tre:diagnosis>
        <tre:drug>
          <tre:name>Asprin</tre:name>
          <tre:dosage>1.5E2</tre:dosage>
        </tre:drug>
      </pat:treatment>
      <pat:treatment>
          <tre:provider-id>5</tre:provider-id>
          <tre:diagnosis>Headache</tre:diagnosis>
          <tre:radio>
              <tre:date>2007-12-15</tre:date>
          </tre:radio>
      </pat:treatment>
    </pat:treatments>
  </pat:Patient>
  <!--Zero or more repetitions:-->
  <prov:Provider>
    <prov:provider-id>10</prov:provider-id>
    <prov:name>string</prov:name>
    <prov:specialization>Radiology</prov:specialization>
  </prov:Provider>
</clin:Clinic>